epi_year,epi_week,date_start,city,cases,deaths,rainfall_mm,avg_temp_c,humidity_pct,rainfall_lag_2w,rainfall_lag_4w,temp_lag_2w,temp_lag_4w,humidity_lag_2w,humidity_lag_4w,cases_lag_1w,cases_lag_2w,cases_lag_4w,cases_rolling_3w,cases_rolling_4w,cases_rolling_8w,growth_rate_1w,growth_rate_2w,epi_week_sin,epi_week_cos,monsoon_flag,post_monsoon_flag,target_cases_next_1w,target_cases_next_2w,input_run_id,manifest_sha256,case_source,climate_source
2021,6,2021-02-08,Dhaka South,83,0,7.34,25.44,52.91,9.4,0.41,25.29,23.62,50.63,48.18,60.0,52.0,85.0,72.0,75.25,65.4,1.1538,0.7059,0.6631,0.7485,0,0,85.0,94.0,457f334c-7085-4079-a7db-58e6a9ff8c5f,ff2126bccb8a39d5316bc6b4c216cd967e74a90ea81da723756196674f57ba6a,synthetic_benchmark,synthetic_benchmark
2021,7,2021-02-15,Dhaka South,85,0,25.8,25.33,57.4,16.44,13.89,24.12,24.06,48.58,50.59,83.0,60.0,104.0,65.0,74.75,68.3333,1.3833,0.7981,0.7485,0.6631,0,0,94.0,87.0,457f334c-7085-4079-a7db-58e6a9ff8c5f,ff2126bccb8a39d5316bc6b4c216cd967e74a90ea81da723756196674f57ba6a,synthetic_benchmark,synthetic_benchmark
2021,8,2021-02-22,Dhaka South,94,1,33.68,25.7,53.68,7.34,9.4,25.44,25.29,52.91,50.63,85.0,83.0,52.0,76.0,70.0,70.7143,1.0241,1.6346,0.823,0.5681,0,0,87.0,67.0,457f334c-7085-4079-a7db-58e6a9ff8c5f,ff2126bccb8a39d5316bc6b4c216cd967e74a90ea81da723756196674f57ba6a,synthetic_benchmark,synthetic_benchmark
2021,9,2021-03-01,Dhaka South,87,0,17.93,27.19,55.52,25.8,16.44,25.33,24.12,57.4,48.58,94.0,85.0,60.0,87.3333,80.5,73.625,1.1059,1.5667,0.8855,0.4647,0,0,67.0,42.0,457f334c-7085-4079-a7db-58e6a9ff8c5f,ff2126bccb8a39d5316bc6b4c216cd967e74a90ea81da723756196674f57ba6a,synthetic_benchmark,synthetic_benchmark
2021,10,2021-03-08,Dhaka South,67,0,27.39,28.16,58.22,33.68,7.34,25.7,25.44,53.68,52.91,87.0,94.0,83.0,88.6667,87.25,81.25,0.9255,1.0482,0.935,0.3546,0,0,42.0,68.0,457f334c-7085-4079-a7db-58e6a9ff8c5f,ff2126bccb8a39d5316bc6b4c216cd967e74a90ea81da723756196674f57ba6a,synthetic_benchmark,synthetic_benchmark
2021,11,2021-03-15,Dhaka South,42,0,11.43,26.48,49.77,17.93,25.8,27.19,25.33,55.52,57.4,67.0,87.0,85.0,82.6667,83.25,79.0,0.7701,0.7882,0.9709,0.2393,0,0,68.0,71.0,457f334c-7085-4079-a7db-58e6a9ff8c5f,ff2126bccb8a39d5316bc6b4c216cd967e74a90ea81da723756196674f57ba6a,synthetic_benchmark,synthetic_benchmark
2021,12,2021-03-22,Dhaka South,68,1,22.39,28.01,52.39,27.39,33.68,28.16,25.7,58.22,53.68,42.0,67.0,94.0,65.3333,72.5,71.25,0.6269,0.4468,0.9927,0.1205,0,0,71.0,67.0,457f334c-7085-4079-a7db-58e6a9ff8c5f,ff2126bccb8a39d5316bc6b4c216cd967e74a90ea81da723756196674f57ba6a,synthetic_benchmark,synthetic_benchmark
2021,13,2021-03-29,Dhaka South,71,0,8.0,28.49,47.18,11.43,17.93,26.48,27.19,49.77,55.52,68.0,42.0,87.0,59.0,66.0,73.25,1.619,0.7816,1.0,-0.0,0,0,67.0,45.0,457f334c-7085-4079-a7db-58e6a9ff8c5f,ff2126bccb8a39d5316bc6b4c216cd967e74a90ea81da723756196674f57ba6a,synthetic_benchmark,synthetic_benchmark
2021,14,2021-04-05,Dhaka South,67,1,35.48,29.53,64.54,22.39,27.39,28.01,28.16,52.39,58.22,71.0,68.0,67.0,60.3333,62.0,74.625,1.0441,1.0597,0.9927,-0.1205,0,0,45.0,51.0,457f334c-7085-4079-a7db-58e6a9ff8c5f,ff2126bccb8a39d5316bc6b4c216cd967e74a90ea81da723756196674f57ba6a,synthetic_benchmark,synthetic_benchmark
2021,15,2021-04-12,Dhaka South,45,0,24.66,29.67,57.7,8.0,11.43,28.49,26.48,47.18,49.77,67.0,71.0,42.0,68.6667,62.0,72.625,0.9437,1.5952,0.9709,-0.2393,0,0,51.0,60.0,457f334c-7085-4079-a7db-58e6a9ff8c5f,ff2126bccb8a39d5316bc6b4c216cd967e74a90ea81da723756196674f57ba6a,synthetic_benchmark,synthetic_benchmark
2021,16,2021-04-19,Dhaka South,51,1,30.95,30.03,61.32,35.48,22.39,29.53,28.01,64.54,52.39,45.0,67.0,68.0,61.0,62.75,67.625,0.6716,0.6618,0.935,-0.3546,0,0,60.0,48.0,457f334c-7085-4079-a7db-58e6a9ff8c5f,ff2126bccb8a39d5316bc6b4c216cd967e74a90ea81da723756196674f57ba6a,synthetic_benchmark,synthetic_benchmark
2021,17,2021-04-26,Dhaka South,60,0,55.99,29.67,61.83,24.66,8.0,29.67,28.49,57.7,47.18,51.0,45.0,71.0,54.3333,58.5,62.25,1.1333,0.7183,0.8855,-0.4647,0,0,48.0,71.0,457f334c-7085-4079-a7db-58e6a9ff8c5f,ff2126bccb8a39d5316bc6b4c216cd967e74a90ea81da723756196674f57ba6a,synthetic_benchmark,synthetic_benchmark
2021,18,2021-05-03,Dhaka South,48,0,27.79,29.75,56.12,30.95,35.48,30.03,29.53,61.32,64.54,60.0,51.0,67.0,52.0,55.75,58.875,1.1765,0.8955,0.823,-0.5681,0,0,71.0,75.0,457f334c-7085-4079-a7db-58e6a9ff8c5f,ff2126bccb8a39d5316bc6b4c216cd967e74a90ea81da723756196674f57ba6a,synthetic_benchmark,synthetic_benchmark
2021,19,2021-05-10,Dhaka South,71,0,35.72,30.46,51.73,55.99,24.66,29.67,29.67,61.83,57.7,48.0,60.0,45.0,53.0,51.0,56.5,0.8,1.0667,0.7485,-0.6631,0,0,75.0,78.0,457f334c-7085-4079-a7db-58e6a9ff8c5f,ff2126bccb8a39d5316bc6b4c216cd967e74a90ea81da723756196674f57ba6a,synthetic_benchmark,synthetic_benchmark
2021,20,2021-05-17,Dhaka South,75,0,57.71,31.17,57.47,27.79,30.95,29.75,30.03,56.12,61.32,71.0,48.0,51.0,59.6667,57.5,60.125,1.4792,1.3922,0.6631,-0.7485,0,0,78.0,45.0,457f334c-7085-4079-a7db-58e6a9ff8c5f,ff2126bccb8a39d5316bc6b4c216cd967e74a90ea81da723756196674f57ba6a,synthetic_benchmark,synthetic_benchmark
2021,21,2021-05-24,Dhaka South,78,0,44.62,30.85,54.98,35.72,55.99,30.46,29.67,51.73,61.83,75.0,71.0,60.0,64.6667,63.5,61.0,1.0563,1.25,0.5681,-0.823,0,0,45.0,97.0,457f334c-7085-4079-a7db-58e6a9ff8c5f,ff2126bccb8a39d5316bc6b4c216cd967e74a90ea81da723756196674f57ba6a,synthetic_benchmark,synthetic_benchmark
2021,22,2021-05-31,Dhaka South,45,0,75.66,30.43,69.52,57.71,27.79,31.17,29.75,57.47,56.12,78.0,75.0,48.0,74.6667,68.0,61.875,1.04,1.625,0.4647,-0.8855,1,0,97.0,68.0,457f334c-7085-4079-a7db-58e6a9ff8c5f,ff2126bccb8a39d5316bc6b4c216cd967e74a90ea81da723756196674f57ba6a,synthetic_benchmark,synthetic_benchmark
2021,23,2021-06-07,Dhaka South,97,0,92.97,30.89,69.98,44.62,35.72,30.85,30.46,54.98,51.73,45.0,78.0,71.0,66.0,67.25,59.125,0.5769,0.6338,0.3546,-0.935,1,0,68.0,118.0,457f334c-7085-4079-a7db-58e6a9ff8c5f,ff2126bccb8a39d5316bc6b4c216cd967e74a90ea81da723756196674f57ba6a,synthetic_benchmark,synthetic_benchmark
2021,24,2021-06-14,Dhaka South,68,1,109.0,32.25,75.4,75.66,57.71,30.43,31.17,69.52,57.47,97.0,45.0,75.0,73.3333,73.75,65.625,2.1556,1.2933,0.2393,-0.9709,1,0,118.0,123.0,457f334c-7085-4079-a7db-58e6a9ff8c5f,ff2126bccb8a39d5316bc6b4c216cd967e74a90ea81da723756196674f57ba6a,synthetic_benchmark,synthetic_benchmark
2021,25,2021-06-21,Dhaka South,118,0,128.04,32.34,81.36,92.97,44.62,30.89,30.85,69.98,54.98,68.0,97.0,78.0,70.0,72.0,67.75,0.701,0.8718,0.1205,-0.9927,1,0,123.0,218.0,457f334c-7085-4079-a7db-58e6a9ff8c5f,ff2126bccb8a39d5316bc6b4c216cd967e74a90ea81da723756196674f57ba6a,synthetic_benchmark,synthetic_benchmark
2021,26,2021-06-28,Dhaka South,123,0,102.83,30.94,66.83,109.0,75.66,32.25,30.43,75.4,69.52,118.0,68.0,45.0,94.3333,82.0,75.0,1.7353,2.6222,-0.0,-1.0,1,0,218.0,106.0,457f334c-7085-4079-a7db-58e6a9ff8c5f,ff2126bccb8a39d5316bc6b4c216cd967e74a90ea81da723756196674f57ba6a,synthetic_benchmark,synthetic_benchmark
2021,27,2021-07-05,Dhaka South,218,0,142.24,31.21,81.27,128.04,92.97,32.34,30.89,81.36,69.98,123.0,118.0,97.0,103.0,101.5,84.375,1.0424,1.268,-0.1205,-0.9927,1,0,106.0,151.0,457f334c-7085-4079-a7db-58e6a9ff8c5f,ff2126bccb8a39d5316bc6b4c216cd967e74a90ea81da723756196674f57ba6a,synthetic_benchmark,synthetic_benchmark
2021,28,2021-07-12,Dhaka South,106,1,115.22,29.82,75.19,102.83,109.0,30.94,32.25,66.83,75.4,218.0,123.0,68.0,153.0,131.75,102.75,1.7724,3.2059,-0.2393,-0.9709,1,0,151.0,207.0,457f334c-7085-4079-a7db-58e6a9ff8c5f,ff2126bccb8a39d5316bc6b4c216cd967e74a90ea81da723756196674f57ba6a,synthetic_benchmark,synthetic_benchmark
2021,29,2021-07-19,Dhaka South,151,0,122.13,31.28,74.59,142.24,128.04,31.21,32.34,81.27,81.36,106.0,218.0,118.0,149.0,141.25,106.625,0.4862,0.8983,-0.3546,-0.935,1,0,207.0,156.0,457f334c-7085-4079-a7db-58e6a9ff8c5f,ff2126bccb8a39d5316bc6b4c216cd967e74a90ea81da723756196674f57ba6a,synthetic_benchmark,synthetic_benchmark
2021,30,2021-07-26,Dhaka South,207,0,136.59,30.74,82.64,115.22,102.83,29.82,30.94,75.19,66.83,151.0,106.0,123.0,158.3333,149.5,115.75,1.4245,1.2276,-0.4647,-0.8855,1,0,156.0,166.0,457f334c-7085-4079-a7db-58e6a9ff8c5f,ff2126bccb8a39d5316bc6b4c216cd967e74a90ea81da723756196674f57ba6a,synthetic_benchmark,synthetic_benchmark
2021,31,2021-08-02,Dhaka South,156,0,152.05,30.52,86.85,122.13,142.24,31.28,31.21,74.59,81.27,207.0,151.0,218.0,154.6667,170.5,136.0,1.3709,0.9495,-0.5681,-0.823,1,0,166.0,217.0,457f334c-7085-4079-a7db-58e6a9ff8c5f,ff2126bccb8a39d5316bc6b4c216cd967e74a90ea81da723756196674f57ba6a,synthetic_benchmark,synthetic_benchmark
2021,32,2021-08-09,Dhaka South,166,2,128.43,30.09,78.59,136.59,115.22,30.74,29.82,82.64,75.19,156.0,207.0,106.0,171.3333,155.0,143.375,0.7536,1.4717,-0.6631,-0.7485,1,0,217.0,156.0,457f334c-7085-4079-a7db-58e6a9ff8c5f,ff2126bccb8a39d5316bc6b4c216cd967e74a90ea81da723756196674f57ba6a,synthetic_benchmark,synthetic_benchmark
2021,33,2021-08-16,Dhaka South,217,0,130.67,28.99,76.35,152.05,122.13,30.52,31.28,86.85,74.59,166.0,156.0,151.0,176.3333,170.0,155.625,1.0641,1.0993,-0.7485,-0.6631,1,0,156.0,327.0,457f334c-7085-4079-a7db-58e6a9ff8c5f,ff2126bccb8a39d5316bc6b4c216cd967e74a90ea81da723756196674f57ba6a,synthetic_benchmark,synthetic_benchmark
2021,34,2021-08-23,Dhaka South,156,1,123.49,29.14,75.62,128.43,136.59,30.09,30.74,78.59,82.64,217.0,166.0,207.0,179.6667,186.5,168.0,1.3072,1.0483,-0.823,-0.5681,1,0,327.0,274.0,457f334c-7085-4079-a7db-58e6a9ff8c5f,ff2126bccb8a39d5316bc6b4c216cd967e74a90ea81da723756196674f57ba6a,synthetic_benchmark,synthetic_benchmark
2021,35,2021-08-30,Dhaka South,327,1,114.17,28.4,73.34,130.67,152.05,28.99,30.52,76.35,86.85,156.0,217.0,156.0,179.6667,173.75,172.125,0.7189,1.0,-0.8855,-0.4647,1,0,274.0,343.0,457f334c-7085-4079-a7db-58e6a9ff8c5f,ff2126bccb8a39d5316bc6b4c216cd967e74a90ea81da723756196674f57ba6a,synthetic_benchmark,synthetic_benchmark
2021,36,2021-09-06,Dhaka South,274,1,122.47,27.33,70.35,123.49,128.43,29.14,30.09,75.62,78.59,327.0,156.0,166.0,233.3333,216.5,185.75,2.0962,1.9699,-0.935,-0.3546,1,0,343.0,228.0,457f334c-7085-4079-a7db-58e6a9ff8c5f,ff2126bccb8a39d5316bc6b4c216cd967e74a90ea81da723756196674f57ba6a,synthetic_benchmark,synthetic_benchmark
2021,37,2021-09-13,Dhaka South,343,2,102.08,28.62,68.75,114.17,130.67,28.4,28.99,73.34,76.35,274.0,327.0,217.0,252.3333,243.5,206.75,0.8379,1.2627,-0.9709,-0.2393,1,0,228.0,208.0,457f334c-7085-4079-a7db-58e6a9ff8c5f,ff2126bccb8a39d5316bc6b4c216cd967e74a90ea81da723756196674f57ba6a,synthetic_benchmark,synthetic_benchmark
2021,38,2021-09-20,Dhaka South,228,0,83.0,27.16,65.31,122.47,123.49,27.33,29.14,70.35,75.62,343.0,274.0,156.0,314.6667,275.0,230.75,1.2518,2.1987,-0.9927,-0.1205,1,1,208.0,337.0,457f334c-7085-4079-a7db-58e6a9ff8c5f,ff2126bccb8a39d5316bc6b4c216cd967e74a90ea81da723756196674f57ba6a,synthetic_benchmark,synthetic_benchmark
2021,39,2021-09-27,Dhaka South,208,1,87.5,25.99,69.44,102.08,114.17,28.62,28.4,68.75,73.34,228.0,343.0,327.0,281.6667,293.0,233.375,0.6647,0.6972,-1.0,-0.0,0,1,337.0,130.0,457f334c-7085-4079-a7db-58e6a9ff8c5f,ff2126bccb8a39d5316bc6b4c216cd967e74a90ea81da723756196674f57ba6a,synthetic_benchmark,synthetic_benchmark
2021,40,2021-10-04,Dhaka South,337,0,95.11,27.14,76.68,83.0,122.47,27.16,27.33,65.31,70.35,208.0,228.0,274.0,259.6667,263.25,239.875,0.9123,0.7591,-0.9927,0.1205,0,1,130.0,242.0,457f334c-7085-4079-a7db-58e6a9ff8c5f,ff2126bccb8a39d5316bc6b4c216cd967e74a90ea81da723756196674f57ba6a,synthetic_benchmark,synthetic_benchmark
2021,41,2021-10-11,Dhaka South,130,0,63.72,25.62,64.74,87.5,102.08,25.99,28.62,69.44,68.75,337.0,208.0,343.0,257.6667,279.0,261.25,1.6202,0.9825,-0.9709,0.2393,0,1,242.0,281.0,457f334c-7085-4079-a7db-58e6a9ff8c5f,ff2126bccb8a39d5316bc6b4c216cd967e74a90ea81da723756196674f57ba6a,synthetic_benchmark,synthetic_benchmark
2021,42,2021-10-18,Dhaka South,242,2,49.55,25.0,57.91,95.11,83.0,27.14,27.16,76.68,65.31,130.0,337.0,228.0,225.0,225.75,250.375,0.3858,0.5702,-0.935,0.3546,0,1,281.0,210.0,457f334c-7085-4079-a7db-58e6a9ff8c5f,ff2126bccb8a39d5316bc6b4c216cd967e74a90ea81da723756196674f57ba6a,synthetic_benchmark,synthetic_benchmark
2021,43,2021-10-25,Dhaka South,281,1,44.08,24.58,57.2,63.72,87.5,25.62,25.99,64.74,69.44,242.0,130.0,208.0,236.3333,229.25,261.125,1.8615,1.1635,-0.8855,0.4647,0,1,210.0,251.0,457f334c-7085-4079-a7db-58e6a9ff8c5f,ff2126bccb8a39d5316bc6b4c216cd967e74a90ea81da723756196674f57ba6a,synthetic_benchmark,synthetic_benchmark
2021,44,2021-11-01,Dhaka South,210,1,0.0,23.81,43.63,49.55,95.11,25.0,27.14,57.91,76.68,281.0,242.0,337.0,217.6667,247.5,255.375,1.1612,0.8338,-0.823,0.5681,0,1,251.0,151.0,457f334c-7085-4079-a7db-58e6a9ff8c5f,ff2126bccb8a39d5316bc6b4c216cd967e74a90ea81da723756196674f57ba6a,synthetic_benchmark,synthetic_benchmark
2021,45,2021-11-08,Dhaka South,251,2,32.26,24.21,56.71,44.08,63.72,24.58,25.62,57.2,64.74,210.0,281.0,130.0,244.3333,215.75,247.375,0.7473,1.6154,-0.7485,0.6631,0,1,151.0,126.0,457f334c-7085-4079-a7db-58e6a9ff8c5f,ff2126bccb8a39d5316bc6b4c216cd967e74a90ea81da723756196674f57ba6a,synthetic_benchmark,synthetic_benchmark
2021,46,2021-11-15,Dhaka South,151,1,34.63,23.68,60.06,0.0,49.55,23.81,25.0,43.63,57.91,251.0,210.0,242.0,247.3333,246.0,235.875,1.1952,1.0372,-0.6631,0.7485,0,1,126.0,89.0,457f334c-7085-4079-a7db-58e6a9ff8c5f,ff2126bccb8a39d5316bc6b4c216cd967e74a90ea81da723756196674f57ba6a,synthetic_benchmark,synthetic_benchmark
2021,47,2021-11-22,Dhaka South,126,0,12.66,23.53,51.26,32.26,44.08,24.21,24.58,56.71,57.2,151.0,251.0,281.0,204.0,223.25,226.25,0.6016,0.5374,-0.5681,0.823,0,1,89.0,118.0,457f334c-7085-4079-a7db-58e6a9ff8c5f,ff2126bccb8a39d5316bc6b4c216cd967e74a90ea81da723756196674f57ba6a,synthetic_benchmark,synthetic_benchmark
2021,48,2021-11-29,Dhaka South,89,0,5.92,23.99,47.76,34.63,0.0,23.68,23.81,60.06,43.63,126.0,151.0,210.0,176.0,184.5,216.0,0.8344,0.6,-0.4647,0.8855,0,1,118.0,147.0,457f334c-7085-4079-a7db-58e6a9ff8c5f,ff2126bccb8a39d5316bc6b4c216cd967e74a90ea81da723756196674f57ba6a,synthetic_benchmark,synthetic_benchmark
2021,49,2021-12-06,Dhaka South,118,0,28.37,24.18,61.12,12.66,32.26,23.53,24.21,51.26,56.71,89.0,126.0,251.0,122.0,154.25,185.0,0.7063,0.3546,-0.3546,0.935,0,1,147.0,121.0,457f334c-7085-4079-a7db-58e6a9ff8c5f,ff2126bccb8a39d5316bc6b4c216cd967e74a90ea81da723756196674f57ba6a,synthetic_benchmark,synthetic_benchmark
2021,50,2021-12-13,Dhaka South,147,0,47.28,23.29,62.71,5.92,34.63,23.99,23.68,47.76,60.06,118.0,89.0,151.0,111.0,121.0,183.5,1.3258,0.7815,-0.2393,0.9709,0,1,121.0,103.0,457f334c-7085-4079-a7db-58e6a9ff8c5f,ff2126bccb8a39d5316bc6b4c216cd967e74a90ea81da723756196674f57ba6a,synthetic_benchmark,synthetic_benchmark
2021,51,2021-12-20,Dhaka South,121,0,7.89,22.9,48.94,28.37,12.66,24.18,23.53,61.12,51.26,147.0,118.0,126.0,118.0,120.0,171.625,1.2458,1.1667,-0.1205,0.9927,0,0,103.0,73.0,457f334c-7085-4079-a7db-58e6a9ff8c5f,ff2126bccb8a39d5316bc6b4c216cd967e74a90ea81da723756196674f57ba6a,synthetic_benchmark,synthetic_benchmark
2021,52,2021-12-27,Dhaka South,103,0,6.04,25.0,52.9,47.28,5.92,23.29,23.99,62.71,47.76,121.0,147.0,89.0,128.6667,118.75,151.625,0.8231,1.3596,0.0,1.0,0,0,73.0,151.0,457f334c-7085-4079-a7db-58e6a9ff8c5f,ff2126bccb8a39d5316bc6b4c216cd967e74a90ea81da723756196674f57ba6a,synthetic_benchmark,synthetic_benchmark
2022,1,2022-01-03,Dhaka South,73,0,11.28,23.05,56.04,7.89,28.37,22.9,24.18,48.94,61.12,103.0,121.0,118.0,123.6667,122.25,138.25,0.8512,0.8729,0.1205,0.9927,0,0,151.0,100.0,457f334c-7085-4079-a7db-58e6a9ff8c5f,ff2126bccb8a39d5316bc6b4c216cd967e74a90ea81da723756196674f57ba6a,synthetic_benchmark,synthetic_benchmark
2022,2,2022-01-10,Dhaka South,151,1,13.06,22.54,52.46,6.04,47.28,25.0,23.29,52.9,62.71,73.0,103.0,147.0,99.0,111.0,116.0,0.7087,0.4966,0.2393,0.9709,0,0,100.0,62.0,457f334c-7085-4079-a7db-58e6a9ff8c5f,ff2126bccb8a39d5316bc6b4c216cd967e74a90ea81da723756196674f57ba6a,synthetic_benchmark,synthetic_benchmark
2022,3,2022-01-17,Dhaka South,100,1,0.0,24.68,55.21,11.28,7.89,23.05,22.9,56.04,48.94,151.0,73.0,121.0,109.0,112.0,116.0,2.0685,1.2479,0.3546,0.935,0,0,62.0,81.0,457f334c-7085-4079-a7db-58e6a9ff8c5f,ff2126bccb8a39d5316bc6b4c216cd967e74a90ea81da723756196674f57ba6a,synthetic_benchmark,synthetic_benchmark
2022,4,2022-01-24,Dhaka South,62,0,4.44,23.83,51.88,13.06,6.04,22.54,25.0,52.46,52.9,100.0,151.0,103.0,108.0,106.75,112.75,0.6623,0.9709,0.4647,0.8855,0,0,81.0,55.0,457f334c-7085-4079-a7db-58e6a9ff8c5f,ff2126bccb8a39d5316bc6b4c216cd967e74a90ea81da723756196674f57ba6a,synthetic_benchmark,synthetic_benchmark
2022,5,2022-01-31,Dhaka South,81,0,0.0,24.48,53.79,0.0,11.28,24.68,23.05,55.21,56.04,62.0,100.0,73.0,104.3333,96.5,109.375,0.62,0.8493,0.5681,0.823,0,0,55.0,88.0,457f334c-7085-4079-a7db-58e6a9ff8c5f,ff2126bccb8a39d5316bc6b4c216cd967e74a90ea81da723756196674f57ba6a,synthetic_benchmark,synthetic_benchmark
2022,6,2022-02-07,Dhaka South,55,0,12.44,26.07,53.36,4.44,13.06,23.83,22.54,51.88,52.46,81.0,62.0,151.0,81.0,98.5,104.75,1.3065,0.5364,0.6631,0.7485,0,0,88.0,72.0,457f334c-7085-4079-a7db-58e6a9ff8c5f,ff2126bccb8a39d5316bc6b4c216cd967e74a90ea81da723756196674f57ba6a,synthetic_benchmark,synthetic_benchmark
2022,7,2022-02-14,Dhaka South,88,0,10.19,24.87,57.17,0.0,0.0,24.48,24.68,53.79,55.21,55.0,81.0,100.0,66.0,74.5,93.25,0.679,0.55,0.7485,0.6631,0,0,72.0,86.0,457f334c-7085-4079-a7db-58e6a9ff8c5f,ff2126bccb8a39d5316bc6b4c216cd967e74a90ea81da723756196674f57ba6a,synthetic_benchmark,synthetic_benchmark
2022,8,2022-02-21,Dhaka South,72,0,26.59,25.8,61.89,12.44,4.44,26.07,23.83,53.36,51.88,88.0,55.0,62.0,74.6667,71.5,89.125,1.6,1.4194,0.823,0.5681,0,0,86.0,60.0,457f334c-7085-4079-a7db-58e6a9ff8c5f,ff2126bccb8a39d5316bc6b4c216cd967e74a90ea81da723756196674f57ba6a,synthetic_benchmark,synthetic_benchmark
2022,9,2022-02-28,Dhaka South,86,0,21.14,25.99,51.64,10.19,0.0,24.87,24.48,57.17,53.79,72.0,88.0,81.0,71.6667,74.0,85.25,0.8182,0.8889,0.8855,0.4647,0,0,60.0,46.0,457f334c-7085-4079-a7db-58e6a9ff8c5f,ff2126bccb8a39d5316bc6b4c216cd967e74a90ea81da723756196674f57ba6a,synthetic_benchmark,synthetic_benchmark
2022,10,2022-03-07,Dhaka South,60,0,0.36,26.47,54.85,26.59,12.44,25.8,26.07,61.89,53.36,86.0,72.0,55.0,82.0,75.25,86.875,1.1944,1.5636,0.935,0.3546,0,0,46.0,61.0,457f334c-7085-4079-a7db-58e6a9ff8c5f,ff2126bccb8a39d5316bc6b4c216cd967e74a90ea81da723756196674f57ba6a,synthetic_benchmark,synthetic_benchmark
2022,11,2022-03-14,Dhaka South,46,0,27.54,27.95,56.05,21.14,10.19,25.99,24.87,51.64,57.17,60.0,86.0,88.0,72.6667,76.5,75.5,0.6977,0.6818,0.9709,0.2393,0,0,61.0,69.0,457f334c-7085-4079-a7db-58e6a9ff8c5f,ff2126bccb8a39d5316bc6b4c216cd967e74a90ea81da723756196674f57ba6a,synthetic_benchmark,synthetic_benchmark
2022,12,2022-03-21,Dhaka South,61,0,17.9,27.34,54.44,0.36,26.59,26.47,25.8,54.85,61.89,46.0,60.0,72.0,64.0,66.0,68.75,0.7667,0.6389,0.9927,0.1205,0,0,69.0,58.0,457f334c-7085-4079-a7db-58e6a9ff8c5f,ff2126bccb8a39d5316bc6b4c216cd967e74a90ea81da723756196674f57ba6a,synthetic_benchmark,synthetic_benchmark
2022,13,2022-03-28,Dhaka South,69,0,18.34,27.66,54.83,27.54,21.14,27.95,25.99,56.05,51.64,61.0,46.0,86.0,55.6667,63.25,68.625,1.3261,0.7093,1.0,-0.0,0,0,58.0,71.0,457f334c-7085-4079-a7db-58e6a9ff8c5f,ff2126bccb8a39d5316bc6b4c216cd967e74a90ea81da723756196674f57ba6a,synthetic_benchmark,synthetic_benchmark
2022,14,2022-04-04,Dhaka South,58,0,9.62,27.51,48.05,17.9,0.36,27.34,26.47,54.44,54.85,69.0,61.0,60.0,58.6667,59.0,67.125,1.1311,1.15,0.9927,-0.1205,0,0,71.0,69.0,457f334c-7085-4079-a7db-58e6a9ff8c5f,ff2126bccb8a39d5316bc6b4c216cd967e74a90ea81da723756196674f57ba6a,synthetic_benchmark,synthetic_benchmark
2022,15,2022-04-11,Dhaka South,71,1,14.22,27.84,50.09,18.34,27.54,27.66,27.95,54.83,56.05,58.0,69.0,46.0,62.6667,58.5,67.5,0.8406,1.2609,0.9709,-0.2393,0,0,69.0,64.0,457f334c-7085-4079-a7db-58e6a9ff8c5f,ff2126bccb8a39d5316bc6b4c216cd967e74a90ea81da723756196674f57ba6a,synthetic_benchmark,synthetic_benchmark
2022,16,2022-04-18,Dhaka South,69,0,28.62,30.09,52.59,9.62,17.9,27.51,27.34,48.05,54.44,71.0,58.0,61.0,66.0,64.75,65.375,1.2241,1.1639,0.935,-0.3546,0,0,64.0,91.0,457f334c-7085-4079-a7db-58e6a9ff8c5f,ff2126bccb8a39d5316bc6b4c216cd967e74a90ea81da723756196674f57ba6a,synthetic_benchmark,synthetic_benchmark
2022,17,2022-04-25,Dhaka South,64,0,45.27,31.12,61.62,14.22,18.34,27.84,27.66,50.09,54.83,69.0,71.0,69.0,66.0,66.75,65.0,0.9718,1.0,0.8855,-0.4647,0,0,91.0,60.0,457f334c-7085-4079-a7db-58e6a9ff8c5f,ff2126bccb8a39d5316bc6b4c216cd967e74a90ea81da723756196674f57ba6a,synthetic_benchmark,synthetic_benchmark
2022,18,2022-05-02,Dhaka South,91,1,16.62,29.52,52.6,28.62,9.62,30.09,27.51,52.59,48.05,64.0,69.0,58.0,68.0,65.5,62.25,0.9275,1.1034,0.823,-0.5681,0,0,60.0,93.0,457f334c-7085-4079-a7db-58e6a9ff8c5f,ff2126bccb8a39d5316bc6b4c216cd967e74a90ea81da723756196674f57ba6a,synthetic_benchmark,synthetic_benchmark
2022,19,2022-05-09,Dhaka South,60,0,41.15,30.35,56.19,45.27,14.22,31.12,27.84,61.62,50.09,91.0,64.0,71.0,74.6667,73.75,66.125,1.4219,1.2817,0.7485,-0.6631,0,0,93.0,85.0,457f334c-7085-4079-a7db-58e6a9ff8c5f,ff2126bccb8a39d5316bc6b4c216cd967e74a90ea81da723756196674f57ba6a,synthetic_benchmark,synthetic_benchmark
2022,20,2022-05-16,Dhaka South,93,0,60.8,31.54,62.15,16.62,28.62,29.52,30.09,52.6,52.59,60.0,91.0,69.0,71.6667,71.0,67.875,0.6593,0.8696,0.6631,-0.7485,0,0,85.0,85.0,457f334c-7085-4079-a7db-58e6a9ff8c5f,ff2126bccb8a39d5316bc6b4c216cd967e74a90ea81da723756196674f57ba6a,synthetic_benchmark,synthetic_benchmark
2022,21,2022-05-23,Dhaka South,85,1,69.79,30.58,69.6,41.15,45.27,30.35,31.12,56.19,61.62,93.0,60.0,64.0,81.3333,77.0,71.875,1.55,1.4531,0.5681,-0.823,0,0,85.0,84.0,457f334c-7085-4079-a7db-58e6a9ff8c5f,ff2126bccb8a39d5316bc6b4c216cd967e74a90ea81da723756196674f57ba6a,synthetic_benchmark,synthetic_benchmark
2022,22,2022-05-30,Dhaka South,85,0,59.45,30.64,57.47,60.8,16.62,31.54,29.52,62.15,52.6,85.0,93.0,91.0,79.3333,82.25,73.875,0.914,0.9341,0.4647,-0.8855,1,0,84.0,90.0,457f334c-7085-4079-a7db-58e6a9ff8c5f,ff2126bccb8a39d5316bc6b4c216cd967e74a90ea81da723756196674f57ba6a,synthetic_benchmark,synthetic_benchmark
2022,23,2022-06-06,Dhaka South,84,0,67.49,30.46,61.29,69.79,41.15,30.58,30.35,69.6,56.19,85.0,85.0,60.0,87.6667,80.75,77.25,1.0,1.4167,0.3546,-0.935,1,0,90.0,97.0,457f334c-7085-4079-a7db-58e6a9ff8c5f,ff2126bccb8a39d5316bc6b4c216cd967e74a90ea81da723756196674f57ba6a,synthetic_benchmark,synthetic_benchmark
2022,24,2022-06-13,Dhaka South,90,0,97.45,31.41,68.37,59.45,60.8,30.64,31.54,57.47,62.15,84.0,85.0,93.0,84.6667,86.75,78.875,0.9882,0.9032,0.2393,-0.9709,1,0,97.0,163.0,457f334c-7085-4079-a7db-58e6a9ff8c5f,ff2126bccb8a39d5316bc6b4c216cd967e74a90ea81da723756196674f57ba6a,synthetic_benchmark,synthetic_benchmark
2022,25,2022-06-20,Dhaka South,97,0,65.24,30.27,63.56,67.49,69.79,30.46,30.58,61.29,69.6,90.0,84.0,85.0,86.3333,86.0,81.5,1.0714,1.0588,0.1205,-0.9927,1,0,163.0,118.0,457f334c-7085-4079-a7db-58e6a9ff8c5f,ff2126bccb8a39d5316bc6b4c216cd967e74a90ea81da723756196674f57ba6a,synthetic_benchmark,synthetic_benchmark
2022,26,2022-06-27,Dhaka South,163,1,112.02,31.02,75.22,97.45,59.45,31.41,30.64,68.37,57.47,97.0,90.0,85.0,90.3333,89.0,85.625,1.0778,1.1412,-0.0,-1.0,1,0,118.0,163.0,457f334c-7085-4079-a7db-58e6a9ff8c5f,ff2126bccb8a39d5316bc6b4c216cd967e74a90ea81da723756196674f57ba6a,synthetic_benchmark,synthetic_benchmark
2022,27,2022-07-04,Dhaka South,118,0,107.35,29.96,71.47,65.24,67.49,30.27,30.46,63.56,61.29,163.0,97.0,84.0,116.6667,108.5,94.625,1.6804,1.9405,-0.1205,-0.9927,1,0,163.0,186.0,457f334c-7085-4079-a7db-58e6a9ff8c5f,ff2126bccb8a39d5316bc6b4c216cd967e74a90ea81da723756196674f57ba6a,synthetic_benchmark,synthetic_benchmark
2022,28,2022-07-11,Dhaka South,163,0,108.77,30.39,72.28,112.02,97.45,31.02,31.41,75.22,68.37,118.0,163.0,90.0,126.0,117.0,101.875,0.7239,1.3111,-0.2393,-0.9709,1,0,186.0,130.0,457f334c-7085-4079-a7db-58e6a9ff8c5f,ff2126bccb8a39d5316bc6b4c216cd967e74a90ea81da723756196674f57ba6a,synthetic_benchmark,synthetic_benchmark
2022,29,2022-07-18,Dhaka South,186,1,125.31,29.33,67.14,107.35,65.24,29.96,30.27,71.47,63.56,163.0,118.0,97.0,148.0,135.25,110.625,1.3814,1.6804,-0.3546,-0.935,1,0,130.0,271.0,457f334c-7085-4079-a7db-58e6a9ff8c5f,ff2126bccb8a39d5316bc6b4c216cd967e74a90ea81da723756196674f57ba6a,synthetic_benchmark,synthetic_benchmark
2022,30,2022-07-25,Dhaka South,130,1,141.24,31.22,84.77,108.77,112.02,30.39,31.02,72.28,75.22,186.0,163.0,163.0,155.6667,157.5,123.25,1.1411,1.1411,-0.4647,-0.8855,1,0,271.0,215.0,457f334c-7085-4079-a7db-58e6a9ff8c5f,ff2126bccb8a39d5316bc6b4c216cd967e74a90ea81da723756196674f57ba6a,synthetic_benchmark,synthetic_benchmark
2022,31,2022-08-01,Dhaka South,271,1,134.92,29.75,76.64,125.31,107.35,29.33,29.96,67.14,71.47,130.0,186.0,118.0,159.6667,149.25,128.875,0.6989,1.1017,-0.5681,-0.823,1,0,215.0,237.0,457f334c-7085-4079-a7db-58e6a9ff8c5f,ff2126bccb8a39d5316bc6b4c216cd967e74a90ea81da723756196674f57ba6a,synthetic_benchmark,synthetic_benchmark
2022,32,2022-08-08,Dhaka South,215,2,113.41,27.78,68.4,141.24,108.77,31.22,30.39,84.77,72.28,271.0,130.0,163.0,195.6667,187.5,152.25,2.0846,1.6626,-0.6631,-0.7485,1,0,237.0,150.0,457f334c-7085-4079-a7db-58e6a9ff8c5f,ff2126bccb8a39d5316bc6b4c216cd967e74a90ea81da723756196674f57ba6a,synthetic_benchmark,synthetic_benchmark
2022,33,2022-08-15,Dhaka South,237,0,113.97,28.31,71.32,134.92,125.31,29.75,29.33,76.64,67.14,215.0,271.0,186.0,205.3333,200.5,167.875,0.7934,1.1559,-0.7485,-0.6631,1,0,150.0,322.0,457f334c-7085-4079-a7db-58e6a9ff8c5f,ff2126bccb8a39d5316bc6b4c216cd967e74a90ea81da723756196674f57ba6a,synthetic_benchmark,synthetic_benchmark
2022,34,2022-08-22,Dhaka South,150,0,126.06,28.57,76.08,113.41,141.24,27.78,31.22,68.4,84.77,237.0,215.0,130.0,241.0,213.25,185.375,1.1023,1.8231,-0.823,-0.5681,1,0,322.0,252.0,457f334c-7085-4079-a7db-58e6a9ff8c5f,ff2126bccb8a39d5316bc6b4c216cd967e74a90ea81da723756196674f57ba6a,synthetic_benchmark,synthetic_benchmark
2022,35,2022-08-29,Dhaka South,322,1,114.42,26.87,72.64,113.97,134.92,28.31,29.75,71.32,76.64,150.0,237.0,271.0,200.6667,218.25,183.75,0.6329,0.5535,-0.8855,-0.4647,1,0,252.0,328.0,457f334c-7085-4079-a7db-58e6a9ff8c5f,ff2126bccb8a39d5316bc6b4c216cd967e74a90ea81da723756196674f57ba6a,synthetic_benchmark,synthetic_benchmark
2022,36,2022-09-05,Dhaka South,252,4,119.94,28.39,75.39,126.06,113.41,28.57,27.78,76.08,68.4,322.0,150.0,215.0,236.3333,231.0,209.25,2.1467,1.4977,-0.935,-0.3546,1,0,328.0,246.0,457f334c-7085-4079-a7db-58e6a9ff8c5f,ff2126bccb8a39d5316bc6b4c216cd967e74a90ea81da723756196674f57ba6a,synthetic_benchmark,synthetic_benchmark
2022,37,2022-09-12,Dhaka South,328,1,113.87,27.85,72.72,114.42,113.97,26.87,28.31,72.64,71.32,252.0,322.0,237.0,241.3333,240.25,220.375,0.7826,1.0633,-0.9709,-0.2393,1,0,246.0,301.0,457f334c-7085-4079-a7db-58e6a9ff8c5f,ff2126bccb8a39d5316bc6b4c216cd967e74a90ea81da723756196674f57ba6a,synthetic_benchmark,synthetic_benchmark
2022,38,2022-09-19,Dhaka South,246,1,107.34,26.17,73.19,119.94,126.06,28.39,28.57,75.39,76.08,328.0,252.0,150.0,300.6667,263.0,238.125,1.3016,2.1867,-0.9927,-0.1205,1,1,301.0,273.0,457f334c-7085-4079-a7db-58e6a9ff8c5f,ff2126bccb8a39d5316bc6b4c216cd967e74a90ea81da723756196674f57ba6a,synthetic_benchmark,synthetic_benchmark
2022,39,2022-09-26,Dhaka South,301,1,88.85,25.36,68.64,113.87,114.42,27.85,26.87,72.72,72.64,246.0,328.0,322.0,275.3333,287.0,252.625,0.75,0.764,-1.0,-0.0,0,1,273.0,202.0,457f334c-7085-4079-a7db-58e6a9ff8c5f,ff2126bccb8a39d5316bc6b4c216cd967e74a90ea81da723756196674f57ba6a,synthetic_benchmark,synthetic_benchmark
2022,40,2022-10-03,Dhaka South,273,0,70.57,24.85,65.14,107.34,119.94,26.17,28.39,73.19,75.39,301.0,246.0,252.0,291.6667,281.75,256.375,1.2236,1.1944,-0.9927,0.1205,0,1,202.0,248.0,457f334c-7085-4079-a7db-58e6a9ff8c5f,ff2126bccb8a39d5316bc6b4c216cd967e74a90ea81da723756196674f57ba6a,synthetic_benchmark,synthetic_benchmark
2022,41,2022-10-10,Dhaka South,202,1,48.3,24.43,60.28,88.85,113.87,25.36,27.85,68.64,72.72,273.0,301.0,328.0,273.3333,287.0,263.625,0.907,0.8323,-0.9709,0.2393,0,1,248.0,178.0,457f334c-7085-4079-a7db-58e6a9ff8c5f,ff2126bccb8a39d5316bc6b4c216cd967e74a90ea81da723756196674f57ba6a,synthetic_benchmark,synthetic_benchmark
2022,42,2022-10-17,Dhaka South,248,0,56.33,24.7,57.8,70.57,107.34,24.85,26.17,65.14,73.19,202.0,273.0,246.0,258.6667,255.5,259.25,0.7399,0.8211,-0.935,0.3546,0,1,178.0,218.0,457f334c-7085-4079-a7db-58e6a9ff8c5f,ff2126bccb8a39d5316bc6b4c216cd967e74a90ea81da723756196674f57ba6a,synthetic_benchmark,synthetic_benchmark
2022,43,2022-10-24,Dhaka South,178,1,45.95,23.9,57.44,48.3,88.85,24.43,25.36,60.28,68.64,248.0,202.0,301.0,241.0,256.0,271.5,1.2277,0.8239,-0.8855,0.4647,0,1,218.0,150.0,457f334c-7085-4079-a7db-58e6a9ff8c5f,ff2126bccb8a39d5316bc6b4c216cd967e74a90ea81da723756196674f57ba6a,synthetic_benchmark,synthetic_benchmark
2022,44,2022-10-31,Dhaka South,218,0,36.77,24.08,56.11,56.33,70.57,24.7,24.85,57.8,65.14,178.0,248.0,273.0,209.3333,225.25,253.5,0.7177,0.652,-0.823,0.5681,0,1,150.0,167.0,457f334c-7085-4079-a7db-58e6a9ff8c5f,ff2126bccb8a39d5316bc6b4c216cd967e74a90ea81da723756196674f57ba6a,synthetic_benchmark,synthetic_benchmark
2022,45,2022-11-07,Dhaka South,150,0,19.68,23.33,52.96,45.95,48.3,23.9,24.43,57.44,60.28,218.0,178.0,202.0,214.6667,211.5,249.25,1.2247,1.0792,-0.7485,0.6631,0,1,167.0,132.0,457f334c-7085-4079-a7db-58e6a9ff8c5f,ff2126bccb8a39d5316bc6b4c216cd967e74a90ea81da723756196674f57ba6a,synthetic_benchmark,synthetic_benchmark
2022,46,2022-11-14,Dhaka South,167,0,27.45,23.6,53.49,36.77,56.33,24.08,24.7,56.11,57.8,150.0,218.0,248.0,182.0,198.5,227.0,0.6881,0.6048,-0.6631,0.7485,0,1,132.0,123.0,457f334c-7085-4079-a7db-58e6a9ff8c5f,ff2126bccb8a39d5316bc6b4c216cd967e74a90ea81da723756196674f57ba6a,synthetic_benchmark,synthetic_benchmark
2022,47,2022-11-21,Dhaka South,132,1,17.05,23.44,54.34,19.68,45.95,23.33,23.9,52.96,57.44,167.0,150.0,178.0,178.3333,178.25,217.125,1.1133,0.9382,-0.5681,0.823,0,1,123.0,128.0,457f334c-7085-4079-a7db-58e6a9ff8c5f,ff2126bccb8a39d5316bc6b4c216cd967e74a90ea81da723756196674f57ba6a,synthetic_benchmark,synthetic_benchmark
2022,48,2022-11-28,Dhaka South,123,1,34.06,23.74,58.95,27.45,36.77,23.6,24.08,53.49,56.11,132.0,167.0,218.0,149.6667,166.75,196.0,0.7904,0.6055,-0.4647,0.8855,0,1,128.0,134.0,457f334c-7085-4079-a7db-58e6a9ff8c5f,ff2126bccb8a39d5316bc6b4c216cd967e74a90ea81da723756196674f57ba6a,synthetic_benchmark,synthetic_benchmark
2022,49,2022-12-05,Dhaka South,128,0,7.94,22.49,52.35,17.05,19.68,23.44,23.33,54.34,52.96,123.0,132.0,150.0,140.6667,143.0,177.25,0.9318,0.82,-0.3546,0.935,0,1,134.0,74.0,457f334c-7085-4079-a7db-58e6a9ff8c5f,ff2126bccb8a39d5316bc6b4c216cd967e74a90ea81da723756196674f57ba6a,synthetic_benchmark,synthetic_benchmark
2022,50,2022-12-12,Dhaka South,134,0,31.35,23.81,59.55,34.06,27.45,23.74,23.6,58.95,53.49,128.0,123.0,167.0,127.6667,137.5,168.0,1.0407,0.7665,-0.2393,0.9709,0,1,74.0,144.0,457f334c-7085-4079-a7db-58e6a9ff8c5f,ff2126bccb8a39d5316bc6b4c216cd967e74a90ea81da723756196674f57ba6a,synthetic_benchmark,synthetic_benchmark
2022,51,2022-12-19,Dhaka South,74,0,19.77,24.03,55.78,7.94,17.05,22.49,23.44,52.35,54.34,134.0,128.0,132.0,128.3333,129.25,153.75,1.0469,1.0152,-0.1205,0.9927,0,0,144.0,110.0,457f334c-7085-4079-a7db-58e6a9ff8c5f,ff2126bccb8a39d5316bc6b4c216cd967e74a90ea81da723756196674f57ba6a,synthetic_benchmark,synthetic_benchmark
2022,52,2022-12-26,Dhaka South,144,0,29.44,22.38,57.12,31.35,34.06,23.81,23.74,59.55,58.95,74.0,134.0,123.0,112.0,114.75,140.75,0.5522,0.6016,0.0,1.0,0,0,110.0,114.0,457f334c-7085-4079-a7db-58e6a9ff8c5f,ff2126bccb8a39d5316bc6b4c216cd967e74a90ea81da723756196674f57ba6a,synthetic_benchmark,synthetic_benchmark
2023,1,2023-01-02,Dhaka South,110,0,4.78,24.22,52.22,19.77,7.94,24.03,22.49,55.78,52.35,144.0,74.0,128.0,117.3333,120.0,131.5,1.9459,1.125,0.1205,0.9927,0,0,114.0,91.0,457f334c-7085-4079-a7db-58e6a9ff8c5f,ff2126bccb8a39d5316bc6b4c216cd967e74a90ea81da723756196674f57ba6a,synthetic_benchmark,synthetic_benchmark
2023,2,2023-01-09,Dhaka South,114,0,4.96,23.27,50.26,29.44,31.35,22.38,23.81,57.12,59.55,110.0,144.0,134.0,109.3333,115.5,126.5,0.7639,0.8209,0.2393,0.9709,0,0,91.0,47.0,457f334c-7085-4079-a7db-58e6a9ff8c5f,ff2126bccb8a39d5316bc6b4c216cd967e74a90ea81da723756196674f57ba6a,synthetic_benchmark,synthetic_benchmark
2023,3,2023-01-16,Dhaka South,91,0,29.6,24.7,56.91,4.78,19.77,24.22,24.03,52.22,55.78,114.0,110.0,74.0,122.6667,110.5,119.875,1.0364,1.5405,0.3546,0.935,0,0,47.0,49.0,457f334c-7085-4079-a7db-58e6a9ff8c5f,ff2126bccb8a39d5316bc6b4c216cd967e74a90ea81da723756196674f57ba6a,synthetic_benchmark,synthetic_benchmark
2023,4,2023-01-23,Dhaka South,47,0,0.0,24.81,52.09,4.96,29.44,23.27,22.38,50.26,57.12,91.0,114.0,144.0,105.0,114.75,114.75,0.7982,0.6319,0.4647,0.8855,0,0,49.0,49.0,457f334c-7085-4079-a7db-58e6a9ff8c5f,ff2126bccb8a39d5316bc6b4c216cd967e74a90ea81da723756196674f57ba6a,synthetic_benchmark,synthetic_benchmark
2023,5,2023-01-30,Dhaka South,49,0,0.0,24.11,50.55,29.6,4.78,24.7,24.22,56.91,52.22,47.0,91.0,110.0,84.0,90.5,105.25,0.5165,0.4273,0.5681,0.823,0,0,49.0,69.0,457f334c-7085-4079-a7db-58e6a9ff8c5f,ff2126bccb8a39d5316bc6b4c216cd967e74a90ea81da723756196674f57ba6a,synthetic_benchmark,synthetic_benchmark
2023,6,2023-02-06,Dhaka South,49,0,18.63,25.44,49.19,0.0,4.96,24.81,23.27,52.09,50.26,49.0,47.0,114.0,62.3333,75.25,95.375,1.0426,0.4298,0.6631,0.7485,0,0,69.0,67.0,457f334c-7085-4079-a7db-58e6a9ff8c5f,ff2126bccb8a39d5316bc6b4c216cd967e74a90ea81da723756196674f57ba6a,synthetic_benchmark,synthetic_benchmark
2023,7,2023-02-13,Dhaka South,69,1,1.05,25.42,52.62,0.0,29.6,24.11,24.7,50.55,56.91,49.0,49.0,91.0,48.3333,59.0,84.75,1.0,0.5385,0.7485,0.6631,0,0,67.0,53.0,457f334c-7085-4079-a7db-58e6a9ff8c5f,ff2126bccb8a39d5316bc6b4c216cd967e74a90ea81da723756196674f57ba6a,synthetic_benchmark,synthetic_benchmark
2023,8,2023-02-20,Dhaka South,67,0,13.58,26.33,51.69,18.63,0.0,25.44,24.81,49.19,52.09,69.0,49.0,47.0,55.6667,53.5,84.125,1.4082,1.4681,0.823,0.5681,0,0,53.0,63.0,457f334c-7085-4079-a7db-58e6a9ff8c5f,ff2126bccb8a39d5316bc6b4c216cd967e74a90ea81da723756196674f57ba6a,synthetic_benchmark,synthetic_benchmark
2023,9,2023-02-27,Dhaka South,53,0,6.83,26.49,52.23,1.05,0.0,25.42,24.11,52.62,50.55,67.0,69.0,49.0,61.6667,58.5,74.5,0.971,1.3673,0.8855,0.4647,0,0,63.0,60.0,457f334c-7085-4079-a7db-58e6a9ff8c5f,ff2126bccb8a39d5316bc6b4c216cd967e74a90ea81da723756196674f57ba6a,synthetic_benchmark,synthetic_benchmark
2023,10,2023-03-06,Dhaka South,63,0,23.84,27.75,57.23,13.58,18.63,26.33,25.44,51.69,49.19,53.0,67.0,49.0,63.0,59.5,67.375,0.791,1.0816,0.935,0.3546,0,0,60.0,47.0,457f334c-7085-4079-a7db-58e6a9ff8c5f,ff2126bccb8a39d5316bc6b4c216cd967e74a90ea81da723756196674f57ba6a,synthetic_benchmark,synthetic_benchmark
2023,11,2023-03-13,Dhaka South,60,0,12.43,27.4,54.22,6.83,1.05,26.49,25.42,52.23,52.62,63.0,53.0,69.0,61.0,63.0,61.0,1.1887,0.913,0.9709,0.2393,0,0,47.0,47.0,457f334c-7085-4079-a7db-58e6a9ff8c5f,ff2126bccb8a39d5316bc6b4c216cd967e74a90ea81da723756196674f57ba6a,synthetic_benchmark,synthetic_benchmark
2023,12,2023-03-20,Dhaka South,47,0,16.3,28.29,53.9,23.84,13.58,27.75,26.33,57.23,51.69,60.0,63.0,67.0,58.6667,60.75,57.125,0.9524,0.8955,0.9927,0.1205,0,0,47.0,59.0,457f334c-7085-4079-a7db-58e6a9ff8c5f,ff2126bccb8a39d5316bc6b4c216cd967e74a90ea81da723756196674f57ba6a,synthetic_benchmark,synthetic_benchmark
2023,13,2023-03-27,Dhaka South,47,0,0.0,27.89,45.29,12.43,6.83,27.4,26.49,54.22,52.23,47.0,60.0,53.0,56.6667,55.75,57.125,0.7833,0.8868,1.0,-0.0,0,0,59.0,24.0,457f334c-7085-4079-a7db-58e6a9ff8c5f,ff2126bccb8a39d5316bc6b4c216cd967e74a90ea81da723756196674f57ba6a,synthetic_benchmark,synthetic_benchmark
2023,14,2023-04-03,Dhaka South,59,0,10.11,30.0,54.68,16.3,23.84,28.29,27.75,53.9,57.23,47.0,47.0,63.0,51.3333,54.25,56.875,1.0,0.746,0.9927,-0.1205,0,0,24.0,64.0,457f334c-7085-4079-a7db-58e6a9ff8c5f,ff2126bccb8a39d5316bc6b4c216cd967e74a90ea81da723756196674f57ba6a,synthetic_benchmark,synthetic_benchmark
2023,15,2023-04-10,Dhaka South,24,1,20.79,29.34,50.08,0.0,12.43,27.89,27.4,45.29,54.22,59.0,47.0,60.0,51.0,53.25,58.125,1.2553,0.9833,0.9709,-0.2393,0,0,64.0,76.0,457f334c-7085-4079-a7db-58e6a9ff8c5f,ff2126bccb8a39d5316bc6b4c216cd967e74a90ea81da723756196674f57ba6a,synthetic_benchmark,synthetic_benchmark
2023,16,2023-04-17,Dhaka South,64,0,22.58,30.45,54.78,10.11,16.3,30.0,28.29,54.68,53.9,24.0,59.0,47.0,43.3333,44.25,52.5,0.4068,0.5106,0.935,-0.3546,0,0,76.0,45.0,457f334c-7085-4079-a7db-58e6a9ff8c5f,ff2126bccb8a39d5316bc6b4c216cd967e74a90ea81da723756196674f57ba6a,synthetic_benchmark,synthetic_benchmark
2023,17,2023-04-24,Dhaka South,76,0,21.13,29.18,48.45,20.79,0.0,29.34,27.89,50.08,45.29,64.0,24.0,47.0,49.0,48.5,52.125,2.6667,1.3617,0.8855,-0.4647,0,0,45.0,53.0,457f334c-7085-4079-a7db-58e6a9ff8c5f,ff2126bccb8a39d5316bc6b4c216cd967e74a90ea81da723756196674f57ba6a,synthetic_benchmark,synthetic_benchmark
2023,18,2023-05-01,Dhaka South,45,0,19.11,30.85,50.8,22.58,10.11,30.45,30.0,54.78,54.68,76.0,64.0,59.0,54.6667,55.75,55.0,1.1875,1.2881,0.823,-0.5681,0,0,53.0,50.0,457f334c-7085-4079-a7db-58e6a9ff8c5f,ff2126bccb8a39d5316bc6b4c216cd967e74a90ea81da723756196674f57ba6a,synthetic_benchmark,synthetic_benchmark
2023,19,2023-05-08,Dhaka South,53,0,50.64,30.37,59.19,21.13,20.79,29.18,29.34,48.45,50.08,45.0,76.0,24.0,61.6667,52.25,52.75,0.5921,1.875,0.7485,-0.6631,0,0,50.0,92.0,457f334c-7085-4079-a7db-58e6a9ff8c5f,ff2126bccb8a39d5316bc6b4c216cd967e74a90ea81da723756196674f57ba6a,synthetic_benchmark,synthetic_benchmark
2023,20,2023-05-15,Dhaka South,50,1,75.75,30.96,69.82,19.11,22.58,30.85,30.45,50.8,54.78,53.0,45.0,64.0,58.0,59.5,51.875,1.1778,0.8281,0.6631,-0.7485,0,0,92.0,40.0,457f334c-7085-4079-a7db-58e6a9ff8c5f,ff2126bccb8a39d5316bc6b4c216cd967e74a90ea81da723756196674f57ba6a,synthetic_benchmark,synthetic_benchmark
2023,21,2023-05-22,Dhaka South,92,0,76.19,31.09,69.38,50.64,21.13,30.37,29.18,59.19,48.45,50.0,53.0,76.0,49.3333,56.0,52.25,0.9434,0.6579,0.5681,-0.823,0,0,40.0,125.0,457f334c-7085-4079-a7db-58e6a9ff8c5f,ff2126bccb8a39d5316bc6b4c216cd967e74a90ea81da723756196674f57ba6a,synthetic_benchmark,synthetic_benchmark
2023,22,2023-05-29,Dhaka South,40,1,55.17,31.03,62.37,75.75,19.11,30.96,30.85,69.82,50.8,92.0,50.0,45.0,65.0,60.0,57.875,1.84,2.0444,0.4647,-0.8855,1,0,125.0,98.0,457f334c-7085-4079-a7db-58e6a9ff8c5f,ff2126bccb8a39d5316bc6b4c216cd967e74a90ea81da723756196674f57ba6a,synthetic_benchmark,synthetic_benchmark
2023,23,2023-06-05,Dhaka South,125,1,96.32,31.63,71.74,76.19,50.64,31.09,30.37,69.38,59.19,40.0,92.0,53.0,60.6667,58.75,55.5,0.4348,0.7547,0.3546,-0.935,1,0,98.0,142.0,457f334c-7085-4079-a7db-58e6a9ff8c5f,ff2126bccb8a39d5316bc6b4c216cd967e74a90ea81da723756196674f57ba6a,synthetic_benchmark,synthetic_benchmark
2023,24,2023-06-12,Dhaka South,98,0,87.24,32.48,68.55,55.17,75.75,31.03,30.96,62.37,69.82,125.0,40.0,50.0,85.6667,76.75,68.125,3.125,2.5,0.2393,-0.9709,1,0,142.0,166.0,457f334c-7085-4079-a7db-58e6a9ff8c5f,ff2126bccb8a39d5316bc6b4c216cd967e74a90ea81da723756196674f57ba6a,synthetic_benchmark,synthetic_benchmark
2023,25,2023-06-19,Dhaka South,142,0,98.88,31.66,71.02,96.32,76.19,31.63,31.09,71.74,69.38,98.0,125.0,92.0,87.6667,88.75,72.375,0.784,1.0652,0.1205,-0.9927,1,0,166.0,147.0,457f334c-7085-4079-a7db-58e6a9ff8c5f,ff2126bccb8a39d5316bc6b4c216cd967e74a90ea81da723756196674f57ba6a,synthetic_benchmark,synthetic_benchmark
2023,26,2023-06-26,Dhaka South,166,0,125.0,32.05,75.52,87.24,55.17,32.48,31.03,68.55,62.37,142.0,98.0,40.0,121.6667,101.25,80.625,1.449,3.55,-0.0,-1.0,1,0,147.0,189.0,457f334c-7085-4079-a7db-58e6a9ff8c5f,ff2126bccb8a39d5316bc6b4c216cd967e74a90ea81da723756196674f57ba6a,synthetic_benchmark,synthetic_benchmark
2023,27,2023-07-03,Dhaka South,147,0,140.12,32.4,81.36,98.88,96.32,31.66,31.63,71.02,71.74,166.0,142.0,125.0,135.3333,132.75,95.75,1.169,1.328,-0.1205,-0.9927,1,0,189.0,148.0,457f334c-7085-4079-a7db-58e6a9ff8c5f,ff2126bccb8a39d5316bc6b4c216cd967e74a90ea81da723756196674f57ba6a,synthetic_benchmark,synthetic_benchmark
2023,28,2023-07-10,Dhaka South,189,0,123.96,31.19,72.19,125.0,87.24,32.05,32.48,75.52,68.55,147.0,166.0,98.0,151.6667,138.25,107.5,0.8855,1.5,-0.2393,-0.9709,1,0,148.0,140.0,457f334c-7085-4079-a7db-58e6a9ff8c5f,ff2126bccb8a39d5316bc6b4c216cd967e74a90ea81da723756196674f57ba6a,synthetic_benchmark,synthetic_benchmark
2023,29,2023-07-17,Dhaka South,148,1,148.64,31.62,86.21,140.12,98.88,32.4,31.66,81.36,71.02,189.0,147.0,142.0,167.3333,161.0,124.875,1.2857,1.331,-0.3546,-0.935,1,0,140.0,172.0,457f334c-7085-4079-a7db-58e6a9ff8c5f,ff2126bccb8a39d5316bc6b4c216cd967e74a90ea81da723756196674f57ba6a,synthetic_benchmark,synthetic_benchmark
2023,30,2023-07-24,Dhaka South,140,1,146.88,30.37,72.6,123.96,125.0,31.19,32.05,72.19,75.52,148.0,189.0,166.0,161.3333,162.5,131.875,0.7831,0.8916,-0.4647,-0.8855,1,0,172.0,165.0,457f334c-7085-4079-a7db-58e6a9ff8c5f,ff2126bccb8a39d5316bc6b4c216cd967e74a90ea81da723756196674f57ba6a,synthetic_benchmark,synthetic_benchmark
2023,31,2023-07-31,Dhaka South,172,0,152.9,30.8,81.34,148.64,140.12,31.62,32.4,86.21,81.36,140.0,148.0,147.0,159.0,156.0,144.375,0.9459,0.9524,-0.5681,-0.823,1,0,165.0,162.0,457f334c-7085-4079-a7db-58e6a9ff8c5f,ff2126bccb8a39d5316bc6b4c216cd967e74a90ea81da723756196674f57ba6a,synthetic_benchmark,synthetic_benchmark
2023,32,2023-08-07,Dhaka South,165,2,144.75,29.24,76.86,146.88,123.96,30.37,31.19,72.6,72.19,172.0,140.0,189.0,153.3333,162.25,150.25,1.2286,0.9101,-0.6631,-0.7485,1,0,162.0,205.0,457f334c-7085-4079-a7db-58e6a9ff8c5f,ff2126bccb8a39d5316bc6b4c216cd967e74a90ea81da723756196674f57ba6a,synthetic_benchmark,synthetic_benchmark
2023,33,2023-08-14,Dhaka South,162,1,157.69,30.08,82.33,152.9,148.64,30.8,31.62,81.34,86.21,165.0,172.0,148.0,159.0,156.25,158.625,0.9593,1.1149,-0.7485,-0.6631,1,0,205.0,286.0,457f334c-7085-4079-a7db-58e6a9ff8c5f,ff2126bccb8a39d5316bc6b4c216cd967e74a90ea81da723756196674f57ba6a,synthetic_benchmark,synthetic_benchmark
2023,34,2023-08-21,Dhaka South,205,2,158.16,28.39,84.8,144.75,146.88,29.24,30.37,76.86,72.6,162.0,165.0,140.0,166.3333,159.75,161.125,0.9818,1.1571,-0.823,-0.5681,1,0,286.0,397.0,457f334c-7085-4079-a7db-58e6a9ff8c5f,ff2126bccb8a39d5316bc6b4c216cd967e74a90ea81da723756196674f57ba6a,synthetic_benchmark,synthetic_benchmark
2023,35,2023-08-28,Dhaka South,286,0,101.12,28.21,75.2,157.69,152.9,30.08,30.8,82.33,81.34,205.0,162.0,172.0,177.3333,176.0,166.0,1.2654,1.1919,-0.8855,-0.4647,1,0,397.0,254.0,457f334c-7085-4079-a7db-58e6a9ff8c5f,ff2126bccb8a39d5316bc6b4c216cd967e74a90ea81da723756196674f57ba6a,synthetic_benchmark,synthetic_benchmark
2023,36,2023-09-04,Dhaka South,397,0,93.55,26.73,72.07,158.16,144.75,28.39,29.24,84.8,76.86,286.0,205.0,165.0,217.6667,204.5,183.375,1.3951,1.7333,-0.935,-0.3546,1,0,254.0,289.0,457f334c-7085-4079-a7db-58e6a9ff8c5f,ff2126bccb8a39d5316bc6b4c216cd967e74a90ea81da723756196674f57ba6a,synthetic_benchmark,synthetic_benchmark
2023,37,2023-09-11,Dhaka South,254,2,126.84,28.72,84.65,101.12,157.69,28.21,30.08,75.2,82.33,397.0,286.0,162.0,296.0,262.5,209.375,1.3881,2.4506,-0.9709,-0.2393,1,0,289.0,527.0,457f334c-7085-4079-a7db-58e6a9ff8c5f,ff2126bccb8a39d5316bc6b4c216cd967e74a90ea81da723756196674f57ba6a,synthetic_benchmark,synthetic_benchmark
2023,38,2023-09-18,Dhaka South,289,2,89.14,27.24,67.7,93.55,158.16,26.73,28.39,72.07,84.8,254.0,397.0,205.0,312.3333,285.5,222.625,0.6398,1.239,-0.9927,-0.1205,1,1,527.0,402.0,457f334c-7085-4079-a7db-58e6a9ff8c5f,ff2126bccb8a39d5316bc6b4c216cd967e74a90ea81da723756196674f57ba6a,synthetic_benchmark,synthetic_benchmark
2023,39,2023-09-25,Dhaka South,527,2,91.44,26.18,73.36,126.84,101.12,28.72,28.21,84.65,75.2,289.0,254.0,286.0,313.3333,306.5,241.25,1.1378,1.0105,-1.0,-0.0,0,1,402.0,228.0,457f334c-7085-4079-a7db-58e6a9ff8c5f,ff2126bccb8a39d5316bc6b4c216cd967e74a90ea81da723756196674f57ba6a,synthetic_benchmark,synthetic_benchmark
2023,40,2023-10-02,Dhaka South,402,1,64.6,26.92,68.09,89.14,93.55,27.24,26.73,67.7,72.07,527.0,289.0,397.0,356.6667,366.75,285.625,1.8235,1.3275,-0.9927,0.1205,0,1,228.0,184.0,457f334c-7085-4079-a7db-58e6a9ff8c5f,ff2126bccb8a39d5316bc6b4c216cd967e74a90ea81da723756196674f57ba6a,synthetic_benchmark,synthetic_benchmark
2023,41,2023-10-09,Dhaka South,228,1,78.1,26.7,69.69,91.44,126.84,26.18,28.72,73.36,84.65,402.0,527.0,254.0,406.0,368.0,315.25,0.7628,1.5827,-0.9709,0.2393,0,1,184.0,269.0,457f334c-7085-4079-a7db-58e6a9ff8c5f,ff2126bccb8a39d5316bc6b4c216cd967e74a90ea81da723756196674f57ba6a,synthetic_benchmark,synthetic_benchmark
2023,42,2023-10-16,Dhaka South,184,1,33.72,24.85,59.21,64.6,89.14,26.92,27.24,68.09,67.7,228.0,402.0,289.0,385.6667,361.5,323.5,0.5672,0.7889,-0.935,0.3546,0,1,269.0,117.0,457f334c-7085-4079-a7db-58e6a9ff8c5f,ff2126bccb8a39d5316bc6b4c216cd967e74a90ea81da723756196674f57ba6a,synthetic_benchmark,synthetic_benchmark
2023,43,2023-10-23,Dhaka South,269,1,33.57,24.76,54.35,78.1,91.44,26.7,26.18,69.69,73.36,184.0,228.0,527.0,271.3333,335.25,320.875,0.807,0.3491,-0.8855,0.4647,0,1,117.0,174.0,457f334c-7085-4079-a7db-58e6a9ff8c5f,ff2126bccb8a39d5316bc6b4c216cd967e74a90ea81da723756196674f57ba6a,synthetic_benchmark,synthetic_benchmark
2023,44,2023-10-30,Dhaka South,117,0,11.33,25.96,51.99,33.72,64.6,24.85,26.92,59.21,68.09,269.0,184.0,402.0,227.0,270.75,318.75,1.462,0.6692,-0.823,0.5681,0,1,174.0,126.0,457f334c-7085-4079-a7db-58e6a9ff8c5f,ff2126bccb8a39d5316bc6b4c216cd967e74a90ea81da723756196674f57ba6a,synthetic_benchmark,synthetic_benchmark
2023,45,2023-11-06,Dhaka South,174,2,48.44,24.71,64.76,33.57,78.1,24.76,26.7,54.35,69.69,117.0,269.0,228.0,190.0,199.5,283.75,0.4349,0.5132,-0.7485,0.6631,0,1,126.0,176.0,457f334c-7085-4079-a7db-58e6a9ff8c5f,ff2126bccb8a39d5316bc6b4c216cd967e74a90ea81da723756196674f57ba6a,synthetic_benchmark,synthetic_benchmark
2023,46,2023-11-13,Dhaka South,126,3,19.44,24.41,48.69,11.33,33.72,25.96,24.85,51.99,59.21,174.0,117.0,184.0,186.6667,186.0,273.75,1.4872,0.9457,-0.6631,0.7485,0,1,176.0,183.0,457f334c-7085-4079-a7db-58e6a9ff8c5f,ff2126bccb8a39d5316bc6b4c216cd967e74a90ea81da723756196674f57ba6a,synthetic_benchmark,synthetic_benchmark
2023,47,2023-11-20,Dhaka South,176,0,51.75,24.77,60.05,48.44,33.57,24.71,24.76,64.76,54.35,126.0,174.0,269.0,139.0,171.5,253.375,0.7241,0.4684,-0.5681,0.823,0,1,183.0,111.0,457f334c-7085-4079-a7db-58e6a9ff8c5f,ff2126bccb8a39d5316bc6b4c216cd967e74a90ea81da723756196674f57ba6a,synthetic_benchmark,synthetic_benchmark
2023,48,2023-11-27,Dhaka South,183,0,23.91,23.48,56.8,19.44,11.33,24.41,25.96,48.69,51.99,176.0,126.0,117.0,158.6667,148.25,209.5,1.3968,1.5043,-0.4647,0.8855,0,1,111.0,154.0,457f334c-7085-4079-a7db-58e6a9ff8c5f,ff2126bccb8a39d5316bc6b4c216cd967e74a90ea81da723756196674f57ba6a,synthetic_benchmark,synthetic_benchmark
2023,49,2023-12-04,Dhaka South,111,1,11.02,23.47,53.04,51.75,48.44,24.77,24.71,60.05,64.76,183.0,176.0,174.0,161.6667,164.75,182.125,1.0398,1.0517,-0.3546,0.935,0,1,154.0,81.0,457f334c-7085-4079-a7db-58e6a9ff8c5f,ff2126bccb8a39d5316bc6b4c216cd967e74a90ea81da723756196674f57ba6a,synthetic_benchmark,synthetic_benchmark
2023,50,2023-12-11,Dhaka South,154,0,15.21,23.29,50.56,23.91,19.44,23.48,24.41,56.8,48.69,111.0,183.0,126.0,156.6667,149.0,167.5,0.6066,0.881,-0.2393,0.9709,0,1,81.0,100.0,457f334c-7085-4079-a7db-58e6a9ff8c5f,ff2126bccb8a39d5316bc6b4c216cd967e74a90ea81da723756196674f57ba6a,synthetic_benchmark,synthetic_benchmark
2023,51,2023-12-18,Dhaka South,81,0,10.81,23.5,58.99,11.02,51.75,23.47,24.77,53.04,60.05,154.0,111.0,176.0,149.3333,156.0,163.75,1.3874,0.875,-0.1205,0.9927,0,0,100.0,78.0,457f334c-7085-4079-a7db-58e6a9ff8c5f,ff2126bccb8a39d5316bc6b4c216cd967e74a90ea81da723756196674f57ba6a,synthetic_benchmark,synthetic_benchmark
2023,52,2023-12-25,Dhaka South,100,0,15.33,23.56,54.06,15.21,23.91,23.29,23.48,50.56,56.8,81.0,154.0,183.0,115.3333,132.25,140.25,0.526,0.4426,0.0,1.0,0,0,78.0,44.0,457f334c-7085-4079-a7db-58e6a9ff8c5f,ff2126bccb8a39d5316bc6b4c216cd967e74a90ea81da723756196674f57ba6a,synthetic_benchmark,synthetic_benchmark
2024,1,2024-01-01,Dhaka South,78,1,4.41,22.96,49.37,10.81,11.02,23.5,23.47,58.99,53.04,100.0,81.0,111.0,111.6667,111.5,138.125,1.2346,0.9009,0.1205,0.9927,0,0,44.0,91.0,457f334c-7085-4079-a7db-58e6a9ff8c5f,ff2126bccb8a39d5316bc6b4c216cd967e74a90ea81da723756196674f57ba6a,synthetic_benchmark,synthetic_benchmark
2024,2,2024-01-08,Dhaka South,44,0,0.0,22.35,52.05,15.33,15.21,23.56,23.29,54.06,50.56,78.0,100.0,154.0,86.3333,103.25,126.125,0.78,0.5065,0.2393,0.9709,0,0,91.0,55.0,457f334c-7085-4079-a7db-58e6a9ff8c5f,ff2126bccb8a39d5316bc6b4c216cd967e74a90ea81da723756196674f57ba6a,synthetic_benchmark,synthetic_benchmark
2024,3,2024-01-15,Dhaka South,91,0,12.33,24.99,55.66,4.41,10.81,22.96,23.5,49.37,58.99,44.0,78.0,81.0,74.0,75.75,115.875,0.5641,0.5432,0.3546,0.935,0,0,55.0,62.0,457f334c-7085-4079-a7db-58e6a9ff8c5f,ff2126bccb8a39d5316bc6b4c216cd967e74a90ea81da723756196674f57ba6a,synthetic_benchmark,synthetic_benchmark
2024,4,2024-01-22,Dhaka South,55,1,0.0,22.81,52.05,0.0,15.33,22.35,23.56,52.05,54.06,91.0,44.0,100.0,71.0,78.25,105.25,2.0682,0.91,0.4647,0.8855,0,0,62.0,42.0,457f334c-7085-4079-a7db-58e6a9ff8c5f,ff2126bccb8a39d5316bc6b4c216cd967e74a90ea81da723756196674f57ba6a,synthetic_benchmark,synthetic_benchmark
2024,5,2024-01-29,Dhaka South,62,0,23.07,25.12,56.68,12.33,4.41,24.99,22.96,55.66,49.37,55.0,91.0,78.0,63.3333,67.0,89.25,0.6044,0.7051,0.5681,0.823,0,0,42.0,48.0,457f334c-7085-4079-a7db-58e6a9ff8c5f,ff2126bccb8a39d5316bc6b4c216cd967e74a90ea81da723756196674f57ba6a,synthetic_benchmark,synthetic_benchmark
2024,6,2024-02-05,Dhaka South,42,0,0.0,23.3,45.82,0.0,0.0,22.81,22.35,52.05,52.05,62.0,55.0,44.0,69.3333,63.0,83.125,1.1273,1.4091,0.6631,0.7485,0,0,48.0,29.0,457f334c-7085-4079-a7db-58e6a9ff8c5f,ff2126bccb8a39d5316bc6b4c216cd967e74a90ea81da723756196674f57ba6a,synthetic_benchmark,synthetic_benchmark
2024,7,2024-02-12,Dhaka South,48,0,0.0,24.26,52.88,23.07,12.33,25.12,24.99,56.68,55.66,42.0,62.0,91.0,53.0,62.5,69.125,0.6774,0.4615,0.7485,0.6631,0,0,29.0,67.0,457f334c-7085-4079-a7db-58e6a9ff8c5f,ff2126bccb8a39d5316bc6b4c216cd967e74a90ea81da723756196674f57ba6a,synthetic_benchmark,synthetic_benchmark
2024,8,2024-02-19,Dhaka South,29,0,10.17,25.28,53.11,0.0,0.0,23.3,22.81,45.82,52.05,48.0,42.0,55.0,50.6667,51.75,65.0,1.1429,0.8727,0.823,0.5681,0,0,67.0,35.0,457f334c-7085-4079-a7db-58e6a9ff8c5f,ff2126bccb8a39d5316bc6b4c216cd967e74a90ea81da723756196674f57ba6a,synthetic_benchmark,synthetic_benchmark
2024,9,2024-02-26,Dhaka South,67,0,0.0,25.73,48.25,0.0,23.07,24.26,25.12,52.88,56.68,29.0,48.0,62.0,39.6667,45.25,56.125,0.6042,0.4677,0.8855,0.4647,0,0,35.0,38.0,457f334c-7085-4079-a7db-58e6a9ff8c5f,ff2126bccb8a39d5316bc6b4c216cd967e74a90ea81da723756196674f57ba6a,synthetic_benchmark,synthetic_benchmark
2024,10,2024-03-04,Dhaka South,35,0,11.5,25.71,47.57,10.17,0.0,25.28,23.3,53.11,45.82,67.0,29.0,42.0,48.0,46.5,54.75,2.3103,1.5952,0.935,0.3546,0,0,38.0,41.0,457f334c-7085-4079-a7db-58e6a9ff8c5f,ff2126bccb8a39d5316bc6b4c216cd967e74a90ea81da723756196674f57ba6a,synthetic_benchmark,synthetic_benchmark
2024,11,2024-03-11,Dhaka South,38,0,12.98,26.32,54.45,0.0,0.0,25.73,24.26,48.25,52.88,35.0,67.0,48.0,43.6667,44.75,53.625,0.5224,0.7292,0.9709,0.2393,0,0,41.0,25.0,457f334c-7085-4079-a7db-58e6a9ff8c5f,ff2126bccb8a39d5316bc6b4c216cd967e74a90ea81da723756196674f57ba6a,synthetic_benchmark,synthetic_benchmark
2024,12,2024-03-18,Dhaka South,41,0,0.0,27.82,45.0,11.5,10.17,25.71,25.28,47.57,53.11,38.0,35.0,29.0,46.6667,42.25,47.0,1.0857,1.3103,0.9927,0.1205,0,0,25.0,55.0,457f334c-7085-4079-a7db-58e6a9ff8c5f,ff2126bccb8a39d5316bc6b4c216cd967e74a90ea81da723756196674f57ba6a,synthetic_benchmark,synthetic_benchmark
2024,13,2024-03-25,Dhaka South,25,0,15.75,27.5,52.23,12.98,0.0,26.32,25.73,54.45,48.25,41.0,38.0,67.0,38.0,45.25,45.25,1.0789,0.6119,1.0,-0.0,0,0,55.0,65.0,457f334c-7085-4079-a7db-58e6a9ff8c5f,ff2126bccb8a39d5316bc6b4c216cd967e74a90ea81da723756196674f57ba6a,synthetic_benchmark,synthetic_benchmark
2024,14,2024-04-01,Dhaka South,55,0,0.0,27.94,50.43,0.0,11.5,27.82,25.71,45.0,47.57,25.0,41.0,35.0,34.6667,34.75,40.625,0.6098,0.7143,0.9927,-0.1205,0,0,65.0,43.0,457f334c-7085-4079-a7db-58e6a9ff8c5f,ff2126bccb8a39d5316bc6b4c216cd967e74a90ea81da723756196674f57ba6a,synthetic_benchmark,synthetic_benchmark
2024,15,2024-04-08,Dhaka South,65,0,0.0,28.85,53.67,15.75,12.98,27.5,26.32,52.23,54.45,55.0,25.0,38.0,40.3333,39.75,42.25,2.2,1.4474,0.9709,-0.2393,0,0,43.0,37.0,457f334c-7085-4079-a7db-58e6a9ff8c5f,ff2126bccb8a39d5316bc6b4c216cd967e74a90ea81da723756196674f57ba6a,synthetic_benchmark,synthetic_benchmark
2024,16,2024-04-15,Dhaka South,43,0,33.96,28.84,59.64,0.0,0.0,27.94,27.82,50.43,45.0,65.0,55.0,41.0,48.3333,46.5,44.375,1.1818,1.5854,0.935,-0.3546,0,0,37.0,62.0,457f334c-7085-4079-a7db-58e6a9ff8c5f,ff2126bccb8a39d5316bc6b4c216cd967e74a90ea81da723756196674f57ba6a,synthetic_benchmark,synthetic_benchmark
2024,17,2024-04-22,Dhaka South,37,0,53.81,29.07,57.6,0.0,15.75,28.85,27.5,53.67,52.23,43.0,65.0,25.0,54.3333,47.0,46.125,0.6615,1.72,0.8855,-0.4647,0,0,62.0,62.0,457f334c-7085-4079-a7db-58e6a9ff8c5f,ff2126bccb8a39d5316bc6b4c216cd967e74a90ea81da723756196674f57ba6a,synthetic_benchmark,synthetic_benchmark
2024,18,2024-04-29,Dhaka South,62,0,36.88,29.41,57.63,33.96,0.0,28.84,27.94,59.64,50.43,37.0,43.0,55.0,48.3333,50.0,42.375,0.8605,0.6727,0.823,-0.5681,0,0,62.0,65.0,457f334c-7085-4079-a7db-58e6a9ff8c5f,ff2126bccb8a39d5316bc6b4c216cd967e74a90ea81da723756196674f57ba6a,synthetic_benchmark,synthetic_benchmark
2024,19,2024-05-06,Dhaka South,62,0,52.91,30.16,61.51,53.81,0.0,29.07,28.85,57.6,53.67,62.0,37.0,65.0,47.3333,51.75,45.75,1.6757,0.9538,0.7485,-0.6631,0,0,65.0,98.0,457f334c-7085-4079-a7db-58e6a9ff8c5f,ff2126bccb8a39d5316bc6b4c216cd967e74a90ea81da723756196674f57ba6a,synthetic_benchmark,synthetic_benchmark
2024,20,2024-05-13,Dhaka South,65,0,25.91,29.65,54.08,36.88,33.96,29.41,28.84,57.63,59.64,62.0,62.0,43.0,53.6667,51.0,48.75,1.0,1.4419,0.6631,-0.7485,0,0,98.0,45.0,457f334c-7085-4079-a7db-58e6a9ff8c5f,ff2126bccb8a39d5316bc6b4c216cd967e74a90ea81da723756196674f57ba6a,synthetic_benchmark,synthetic_benchmark
2024,21,2024-05-20,Dhaka South,98,1,54.34,30.78,60.15,52.91,53.81,30.16,29.07,61.51,57.6,65.0,62.0,37.0,63.0,56.5,51.75,1.0484,1.7568,0.5681,-0.823,0,0,45.0,71.0,457f334c-7085-4079-a7db-58e6a9ff8c5f,ff2126bccb8a39d5316bc6b4c216cd967e74a90ea81da723756196674f57ba6a,synthetic_benchmark,synthetic_benchmark
2024,22,2024-05-27,Dhaka South,45,0,68.56,29.22,59.01,25.91,36.88,29.65,29.41,54.08,57.63,98.0,65.0,62.0,75.0,71.75,60.875,1.5077,1.5806,0.4647,-0.8855,1,0,71.0,107.0,457f334c-7085-4079-a7db-58e6a9ff8c5f,ff2126bccb8a39d5316bc6b4c216cd967e74a90ea81da723756196674f57ba6a,synthetic_benchmark,synthetic_benchmark
